IP,DNS Host Name,Service,Protocol,Port,Default Service,Date First Found,Date Last Updated
10.34.176.34,windows,CONNECTED DEVICES PLATFORM SERVICE,tcp,5040,,2024-06-20 17:29:40,2024-07-12 17:22:36
10.34.176.34,windows,CONNECTED DEVICES PLATFORM SERVICE,udp,5050,,2024-06-20 17:29:40,2024-07-12 17:22:36
10.34.176.34,windows,DNS CLIENT,udp,5355,,2024-06-20 17:29:40,2024-07-12 17:22:36
10.34.176.34,windows,IP HELPER,udp,58682,,2024-07-03 20:02:40,2024-07-12 17:22:36
10.34.176.34,windows,JHI_SERVICE.EXE,tcp,49669,,2024-06-20 17:29:40,2024-07-12 17:22:36
10.66.179.34,,Kerberos-5,tcp,88,kerberos,2024-07-25 01:05:21,2024-07-25 01:47:25
10.34.176.34,windows,LMS.EXE,tcp,16992,,2024-06-20 17:29:40,2024-07-12 17:22:36
10.34.176.34,windows,LMS.EXE,tcp,49672,,2024-06-20 17:29:40,2024-07-12 17:22:36
10.34.176.34,windows,LMS.EXE,tcp,49671,,2024-06-20 17:29:40,2024-07-12 17:22:36
10.34.176.34,windows,LMS.EXE,tcp,623,,2024-06-20 17:29:40,2024-07-12 17:22:36
10.34.176.34,windows,LSASS.EXE,tcp,49664,,2024-06-20 17:29:40,2024-07-12 17:22:36
10.34.176.34,windows,MSEDGE.EXE,udp,5353,,2024-06-20 17:29:40,2024-07-12 17:22:36
10.34.176.34,windows,MSEDGE.EXE,tcp,52760,,2024-07-12 17:22:36,2024-07-12 17:22:36
10.34.176.34,windows,ONEDRIVE.EXE,tcp,52919,,2024-07-12 17:22:36,2024-07-12 17:22:36
10.34.176.34,windows,ONEDRIVE.EXE,tcp,52853,,2024-07-12 17:22:36,2024-07-12 17:22:36
10.34.176.34,windows,QUALYSAGENT.EXE,tcp,52920,,2024-07-12 17:22:36,2024-07-12 17:22:36
10.34.176.34,windows,REMOTE PROCEDURE CALL (RPC),tcp,135,,2024-06-20 17:29:40,2024-07-12 17:22:36
10.34.176.34,windows,SPOOLSV.EXE,tcp,49668,,2024-06-20 17:29:40,2024-07-12 17:22:36
10.34.176.34,windows,SSDP DISCOVERY,udp,1900,,2024-06-20 17:29:40,2024-07-12 17:22:36
10.34.176.34,windows,SSDP DISCOVERY,udp,62721,,2024-07-12 17:22:36,2024-07-12 17:22:36
10.34.176.34,windows,SSDP DISCOVERY,udp,62722,,2024-07-12 17:22:36,2024-07-12 17:22:36
10.34.176.34,windows,SSDP DISCOVERY,udp,62723,,2024-07-12 17:22:36,2024-07-12 17:22:36
10.34.176.34,windows,SSDP DISCOVERY,udp,55461,,2024-07-12 17:22:36,2024-07-12 17:22:36
10.34.176.34,windows,SSDP DISCOVERY,udp,62724,,2024-07-12 17:22:36,2024-07-12 17:22:36
10.34.176.34,windows,SSDP DISCOVERY,udp,55460,,2024-07-12 17:22:36,2024-07-12 17:22:36
10.34.176.34,windows,SSDP DISCOVERY,udp,62725,,2024-07-12 17:22:36,2024-07-12 17:22:36
10.34.176.34,windows,SSDP DISCOVERY,udp,55462,,2024-07-12 17:22:36,2024-07-12 17:22:36
10.34.176.34,windows,SSDP DISCOVERY,udp,55458,,2024-07-12 17:22:36,2024-07-12 17:22:36
10.34.176.34,windows,SSDP DISCOVERY,udp,55459,,2024-07-12 17:22:36,2024-07-12 17:22:36
10.34.176.34,windows,TASK SCHEDULER,tcp,49666,,2024-06-20 17:29:40,2024-07-12 17:22:36
10.34.176.34,windows,VMWARE-AUTHD.EXE,tcp,912,,2024-06-20 17:29:40,2024-07-12 17:22:36
10.34.176.34,windows,VMWARE-AUTHD.EXE,tcp,902,,2024-06-20 17:29:40,2024-07-12 17:22:36
10.34.176.34,windows,WINDOWS EVENT LOG,tcp,49667,,2024-06-20 17:29:40,2024-07-12 17:22:36
10.34.176.34,windows,WINDOWS PUSH NOTIFICATIONS SYSTEM SERVICE,tcp,49415,,2024-07-12 17:22:36,2024-07-12 17:22:36
10.66.179.37,,ftp,tcp,21,ftp,2024-07-25 01:49:37,2024-07-25 01:49:37
10.66.179.36,,ftp,tcp,21,ftp,2024-07-25 02:28:16,2024-07-25 02:28:16
10.66.179.36,,http,tcp,80,www-http,2024-07-25 02:28:16,2024-07-25 02:28:16
10.66.179.36,,http,tcp,443,https,2024-07-25 02:28:16,2024-07-25 02:28:16
10.66.179.34,,ssh,tcp,22,ssh,2024-07-25 01:05:21,2024-07-25 01:47:25
10.66.179.37,,ssh,tcp,22,ssh,2024-07-25 01:49:37,2024-07-25 01:49:37
10.66.179.37,,ssh,tcp,12001,entextnetwk,2024-07-25 01:49:37,2024-07-25 01:49:37
10.66.179.35,,ssh,tcp,22,ssh,2024-07-25 01:54:32,2024-07-25 01:54:32
10.66.179.35,,ssh,tcp,12001,entextnetwk,2024-07-25 01:54:32,2024-07-25 01:54:32
10.66.179.36,,ssh,tcp,22,ssh,2024-07-25 02:28:16,2024-07-25 02:28:16
10.66.179.36,,ssh,tcp,12001,entextnetwk,2024-07-25 02:28:16,2024-07-25 02:28:16
10.66.179.37,,telnet,tcp,23,telnet,2024-07-25 01:49:37,2024-07-25 01:49:37
10.66.179.36,,telnet,tcp,23,telnet,2024-07-25 02:28:16,2024-07-25 02:28:16
10.34.176.34,windows,,tcp,139,,2024-06-20 17:29:40,2024-07-12 17:22:36
10.34.176.34,windows,,tcp,49670,,2024-06-20 17:29:40,2024-07-12 17:22:36
10.34.176.34,windows,,tcp,49665,,2024-06-20 17:29:40,2024-07-12 17:22:36
10.34.176.34,windows,,tcp,445,,2024-06-20 17:29:40,2024-07-12 17:22:36
10.34.176.34,windows,,udp,137,,2024-06-20 17:29:40,2024-07-12 17:22:36
10.34.176.34,windows,,udp,138,,2024-06-20 17:29:40,2024-07-12 17:22:36
10.66.179.35,,,tcp,443,https,2024-07-25 01:54:32,2024-07-25 01:54:32